student_id,name,age,course,marks,attendance,percentage,grade,result,attendance_status
1001,Anjali,22,ISE,58.0,57.0,58.0,D,Pass,Shortage
1002,Anjali,24,ME,0,59.0,0,F,Fail,Shortage
1003,Neha,24,ECE,85.0,99.0,85.0,A,Pass,Eligible
1004,Anjali,18,ME,28.0,99.0,28.0,F,Fail,Eligible
1005,Neha,20,ECE,96.0,42.0,96.0,A+,Pass,Shortage
1006,Neha,23,ME,0,54.0,0,F,Fail,Shortage
1007,Amit,24,ISE,65.0,80.0,65.0,C,Pass,Eligible
1008,Pooja,21,ME,94.0,96.0,94.0,A+,Pass,Eligible
1009,Raj,19,ECE,96.0,93.0,96.0,A+,Pass,Eligible
1010,Pooja,19,CSE,84.0,51.0,84.0,A,Pass,Shortage
1011,Rohan,23,ECE,41.0,83.0,41.0,F,Pass,Eligible
1012,Rohan,18,EEE,69.0,93.0,69.0,C,Pass,Eligible
1013,Neha,20,ISE,59.0,75,59.0,D,Pass,Eligible
1014,Pooja,24,ECE,78.0,56.0,78.0,B,Pass,Shortage
1015,Pooja,24,EEE,0,66.0,0,F,Fail,Shortage
1016,Rohan,18,ISE,53.0,68.0,53.0,D,Pass,Shortage
1017,Rohan,22,ME,73.0,81.0,73.0,B,Pass,Eligible
1018,Neha,20,ISE,35.0,81.0,35.0,F,Fail,Eligible
1019,Raj,23,ECE,39.0,46.0,39.0,F,Fail,Shortage
1020,Amit,24,ME,22.0,78.0,22.0,F,Fail,Eligible
1021,Rahul,20,ECE,20.0,86.0,20.0,F,Fail,Eligible
1022,Pooja,22,ECE,25.0,76.0,25.0,F,Fail,Eligible
1023,Kiran,21,CSE,62.0,90.0,62.0,C,Pass,Eligible
1024,Rahul,20,ISE,23.0,48.0,23.0,F,Fail,Shortage
1025,Raj,20,ISE,54.0,69.0,54.0,D,Pass,Shortage
1026,Raj,25,EEE,68.0,75,68.0,C,Pass,Eligible
1027,Pooja,21,ISE,72.0,90.0,72.0,B,Pass,Eligible
1028,Rohan,19,ECE,61.0,85.0,61.0,C,Pass,Eligible
1029,Rahul,21,ECE,67.0,75.0,67.0,C,Pass,Eligible
1030,Kiran,24,ISE,76.0,65.0,76.0,B,Pass,Shortage
