student_id,name,age,course,marks,attendance
1001,Anjali,22,ISE,58,57
1002,Anjali,24,ME,abc,59
1003,Neha,24,ECE,85,99
1004,Anjali,18,ME,28,99
1005,Neha,,ECE,96,42
1006,Neha,23,ME,abc,54
1007,Amit,24,ISE,65,80
1008,Pooja,21,ME,94,96
1009,Raj,19,ECE,96,93
1010,Pooja,19,CSE,84,51
1011,Rohan,23,ECE,41,83
1012,Rohan,18,EEE,69,93
1013,Neha,,ISE,59,
1014,Pooja,24,ECE,78,56
1015,Pooja,24,EEE,abc,66
1016,Rohan,18,ISE,53,68
1017,Rohan,22,ME,73,81
1018,Neha,20,ISE,35,81
1019,Raj,23,ECE,39,46
1020,Amit,24,ME,22,78
1021,Rahul,20,ECE,20,86
1022,Pooja,22,ECE,25,76
1023,Kiran,21,CSE,62,90
1024,Rahul,,ISE,23,48
1025,Raj,20,ISE,54,69
1026,Raj,25,EEE,68,
1027,Pooja,21,ISE,72,90
1028,Rohan,19,ECE,61,85
1029,Rahul,21,ECE,67,75
1030,Kiran,24,ISE,76,65
